epsilon,image_index,class_index,class_name,bit_accuracy,psnr,ssim,lpips
2.0,0,0,airplane,90.0,37.96485454061551,0.9774551907264882,0.049432720988988876
2.0,1,0,airplane,100.0,39.77307417253407,0.9871702360933087,0.030174124985933304
2.0,2,0,airplane,100.0,38.060795253939204,0.9867751515950026,0.03765861690044403
2.0,3,0,airplane,100.0,39.241093411283785,0.9833619294170933,0.03810904920101166
2.0,4,0,airplane,100.0,36.08976251797914,0.9699143631232975,0.029313497245311737
2.0,5,0,airplane,95.0,38.670912921561666,0.9816563603246866,0.042091965675354004
2.0,6,0,airplane,95.0,40.012381198574786,0.9820906062308898,0.038988951593637466
2.0,7,0,airplane,95.0,38.2434880242102,0.9822854849625203,0.05068457871675491
2.0,8,0,airplane,90.0,41.521417559298975,0.9899260382593086,0.02253403142094612
2.0,9,0,airplane,100.0,34.2587672171669,0.9776124103332245,0.05553637817502022
2.0,10,0,airplane,95.0,39.67166084067457,0.9839267895240126,0.030601678416132927
2.0,11,0,airplane,95.0,39.353163975308405,0.9855308302752154,0.03310055285692215
2.0,12,0,airplane,95.0,36.568933897448275,0.9766082916509423,0.035126738250255585
2.0,13,0,airplane,95.0,38.45465071381669,0.98539777033396,0.027468157932162285
2.0,14,0,airplane,100.0,41.7620165965289,0.9877674279701821,0.023365747183561325
2.0,15,0,airplane,100.0,40.70953696014116,0.9850448948590836,0.029307035729289055
2.0,16,0,airplane,95.0,39.159162928093636,0.983846863571046,0.034562960267066956
2.0,17,0,airplane,90.0,37.22236730943311,0.9883827591524671,0.024097509682178497
2.0,18,0,airplane,100.0,36.75975373626527,0.967402607492749,0.047221168875694275
2.0,19,0,airplane,100.0,38.2482492184107,0.9810899145260068,0.02454131469130516
2.0,20,0,airplane,100.0,39.045586442769704,0.9802942351515824,0.03942064195871353
2.0,21,0,airplane,100.0,36.80292441109657,0.9847302135009491,0.07028962671756744
2.0,22,0,airplane,100.0,38.30452094507879,0.9838772743269515,0.023711949586868286
2.0,23,0,airplane,100.0,37.87438396712231,0.9755764015815528,0.05017838999629021
2.0,24,0,airplane,90.0,38.1068497917332,0.9807089278596982,0.022661980241537094
2.0,25,0,airplane,100.0,40.94585350429578,0.9876531869783388,0.03296263888478279
2.0,26,0,airplane,100.0,36.43285945829178,0.98485940549066,0.06856589019298553
2.0,27,0,airplane,100.0,40.7272972957626,0.9855646511435756,0.03533162921667099
2.0,28,0,airplane,90.0,38.31020817140573,0.9779465132763665,0.05947623401880264
2.0,29,0,airplane,100.0,42.28976249430866,0.9878746754033707,0.03837640583515167
2.0,30,1,automobile,100.0,37.2464339875856,0.9779857283256571,0.027860485017299652
2.0,31,1,automobile,90.0,36.817544968955445,0.9782640046322214,0.05622972175478935
2.0,32,1,automobile,100.0,38.570855221104,0.9865515909329933,0.019846312701702118
2.0,33,1,automobile,95.0,40.590356241058636,0.9841668379052261,0.04094604775309563
2.0,34,1,automobile,75.0,37.34939849402815,0.9647952693883709,0.01621498540043831
2.0,35,1,automobile,95.0,37.28153193996808,0.9744540392326826,0.038817815482616425
2.0,36,1,automobile,100.0,38.11724611175594,0.9828688466762521,0.03941940516233444
2.0,37,1,automobile,100.0,36.14284738766382,0.9787604710534931,0.03713436797261238
2.0,38,1,automobile,90.0,37.342948311414816,0.977563968036093,0.03532920032739639
2.0,39,1,automobile,100.0,37.293342920327646,0.9774540476660863,0.03979311138391495
2.0,40,1,automobile,100.0,36.78846362460993,0.981892775773498,0.02549416944384575
2.0,41,1,automobile,100.0,37.34581273329645,0.9784493382932066,0.060842953622341156
2.0,42,1,automobile,100.0,41.327846006583925,0.9878218762566292,0.02245934307575226
2.0,43,1,automobile,100.0,37.59630538746827,0.979705337997487,0.03776741772890091
2.0,44,1,automobile,100.0,39.93961231095247,0.985478753954613,0.05002671480178833
2.0,45,1,automobile,100.0,39.89475199903697,0.9828219187947614,0.03228185325860977
2.0,46,1,automobile,100.0,35.45930816293095,0.9697833161767692,0.03199205920100212
2.0,47,1,automobile,100.0,39.70510984178374,0.980566915772704,0.03010001964867115
2.0,48,1,automobile,95.0,38.61935684132863,0.981712913000441,0.03999374061822891
2.0,49,1,automobile,100.0,37.2860124795993,0.9775370392704027,0.034414567053318024
2.0,50,1,automobile,100.0,38.081851866644925,0.9797639561112937,0.0245895404368639
2.0,51,1,automobile,100.0,37.589129906317915,0.9813051571696801,0.04011962562799454
2.0,52,1,automobile,95.0,38.15558333245556,0.9730334227741267,0.023782923817634583
2.0,53,1,automobile,100.0,37.358392037287786,0.9785294786784364,0.040633220225572586
2.0,54,1,automobile,95.0,39.78888896575122,0.986483921100092,0.023766320198774338
2.0,55,1,automobile,100.0,36.91472529147109,0.9775802370621921,0.029725782573223114
2.0,56,1,automobile,100.0,39.242331875707485,0.98315347876233,0.029727859422564507
2.0,57,1,automobile,100.0,38.66317796523299,0.9841776513663301,0.04965183138847351
2.0,58,1,automobile,90.0,37.67072693165956,0.9812082599878019,0.024335026741027832
2.0,59,1,automobile,100.0,39.2344642009235,0.9802884426814175,0.021507466211915016
2.0,60,2,bird,95.0,37.77322494536291,0.975251834559753,0.03372644633054733
2.0,61,2,bird,100.0,39.55195237389414,0.9831217152177997,0.025221094489097595
2.0,62,2,bird,100.0,37.57341791318496,0.9755464425907304,0.06298669427633286
2.0,63,2,bird,95.0,35.59126584668523,0.9708423866885166,0.027475228533148766
2.0,64,2,bird,100.0,40.89820687440933,0.9871213339563512,0.049054551869630814
2.0,65,2,bird,100.0,38.368539392483896,0.9822265793627589,0.031707294285297394
2.0,66,2,bird,100.0,39.70123910791237,0.9862491809185614,0.04773285239934921
2.0,67,2,bird,100.0,37.707785230458015,0.9765209740134274,0.03387858346104622
2.0,68,2,bird,100.0,39.59364424311092,0.98237349781926,0.04873505234718323
2.0,69,2,bird,85.0,43.94064631469074,0.9795040894612713,0.019958656281232834
2.0,70,2,bird,100.0,38.43594146333813,0.979340138907861,0.04141175001859665
2.0,71,2,bird,90.0,37.83361383967365,0.9808849247695549,0.03906780108809471
2.0,72,2,bird,100.0,39.80466941943124,0.9853847430920933,0.05152621865272522
2.0,73,2,bird,95.0,36.97890038602814,0.9743910394114529,0.062411002814769745
2.0,74,2,bird,100.0,38.59833447471906,0.9825671712797056,0.021486952900886536
2.0,75,2,bird,100.0,40.32136075797803,0.9837634581902682,0.018905052915215492
2.0,76,2,bird,95.0,38.88805356019333,0.9822322081172165,0.046173907816410065
2.0,77,2,bird,100.0,39.39216785923966,0.988952258457063,0.027017217129468918
2.0,78,2,bird,100.0,36.75286591098268,0.9697377556016028,0.04144927114248276
2.0,79,2,bird,95.0,40.92738425952899,0.9862893335961757,0.05527938902378082
2.0,80,2,bird,95.0,37.83856301125085,0.9814532165732315,0.04992840439081192
2.0,81,2,bird,95.0,37.29687237547095,0.9701615953352792,0.04956204816699028
2.0,82,2,bird,100.0,37.65054947777723,0.976598253274971,0.03568089008331299
2.0,83,2,bird,100.0,40.20735552082243,0.980240031065001,0.029656901955604553
2.0,84,2,bird,100.0,38.27623126387874,0.980704294635682,0.05004391446709633
2.0,85,2,bird,95.0,40.44001076933648,0.9852369672600206,0.045624639838933945
2.0,86,2,bird,100.0,38.59266828870594,0.982282543844021,0.049294985830783844
2.0,87,2,bird,95.0,38.61254040221736,0.9830754333960514,0.03372965380549431
2.0,88,2,bird,95.0,40.288999075957705,0.9842048430965873,0.04225938767194748
2.0,89,2,bird,100.0,38.73628016635284,0.9771775937571631,0.036555591970682144
2.0,90,3,cat,100.0,37.00089400630537,0.9795037596314465,0.050907474011182785
2.0,91,3,cat,100.0,40.133992108864305,0.9843170336319916,0.046163205057382584
2.0,92,3,cat,100.0,40.51708254553315,0.9832022870174181,0.0420500710606575
2.0,93,3,cat,100.0,39.738498910943,0.9816807207887619,0.035473451018333435
2.0,94,3,cat,90.0,39.16079835891138,0.9840254363823049,0.03868905454874039
2.0,95,3,cat,100.0,41.171542951867934,0.9807431986565893,0.02308250404894352
2.0,96,3,cat,100.0,37.66187498563517,0.9790465154503724,0.03880597651004791
2.0,97,3,cat,100.0,39.34082072848213,0.9833178080173286,0.028951115906238556
2.0,98,3,cat,100.0,40.490469810471545,0.9820518513029804,0.025210518389940262
2.0,99,3,cat,100.0,39.458895424032036,0.9809893313214993,0.033461302518844604
2.0,100,3,cat,100.0,38.909485546296956,0.9729225846784281,0.034303538501262665
2.0,101,3,cat,95.0,39.009329939189016,0.9830391715564238,0.027014300227165222
2.0,102,3,cat,100.0,39.97840944301913,0.9856676558082373,0.03767775744199753
2.0,103,3,cat,100.0,42.709973277072166,0.9841780613448572,0.019758526235818863
2.0,104,3,cat,95.0,40.013175087997396,0.9811579643933898,0.03389911353588104
2.0,105,3,cat,95.0,37.31719559174089,0.9696811822854499,0.04056626558303833
2.0,106,3,cat,100.0,36.34889341341299,0.9710288482020379,0.03997991606593132
2.0,107,3,cat,100.0,38.83438282807414,0.9840843798363704,0.0319453701376915
2.0,108,3,cat,95.0,39.722130777779626,0.9860411865922826,0.05822913348674774
2.0,109,3,cat,100.0,36.30967038672533,0.9771619394391751,0.03153441846370697
2.0,110,3,cat,100.0,40.10552152711099,0.9802031500250495,0.03069683536887169
2.0,111,3,cat,90.0,40.32245040630502,0.9785033312213928,0.023814156651496887
2.0,112,3,cat,100.0,37.39511279888966,0.9802331847963724,0.025279631838202477
2.0,113,3,cat,100.0,37.58267216925788,0.9762901193880849,0.044268060475587845
2.0,114,3,cat,95.0,38.52708544555667,0.9816416342569402,0.04995403066277504
2.0,115,3,cat,90.0,44.25597728401801,0.9879851912183174,0.012012333609163761
2.0,116,3,cat,95.0,36.39418789946993,0.9653752062886957,0.05601969361305237
2.0,117,3,cat,100.0,41.58531784535481,0.9766699130062273,0.02683345228433609
2.0,118,3,cat,100.0,40.58733747586213,0.9814067720048151,0.01327885314822197
2.0,119,3,cat,100.0,39.72821195699078,0.9837245851803442,0.0319853350520134
2.0,120,4,deer,90.0,39.47435072219059,0.9845448152591713,0.02626853808760643
2.0,121,4,deer,100.0,40.12822927531198,0.985432503706964,0.044338107109069824
2.0,122,4,deer,100.0,37.38990742578081,0.971119926666235,0.07116883993148804
2.0,123,4,deer,100.0,38.67289956303951,0.9781151116269747,0.043613456189632416
2.0,124,4,deer,90.0,38.509715644341654,0.981627879646422,0.035130541771650314
2.0,125,4,deer,100.0,38.785637882627114,0.9819673540052251,0.05285056680440903
2.0,126,4,deer,100.0,39.06623988884717,0.980735891468405,0.048083964735269547
2.0,127,4,deer,100.0,39.11275865040881,0.979953647892382,0.04956255853176117
2.0,128,4,deer,100.0,36.49668471877763,0.972882422358416,0.04508163407444954
2.0,129,4,deer,100.0,37.86398699831793,0.9824225651397459,0.054222770035266876
2.0,130,4,deer,90.0,37.17206777773996,0.9764644906345247,0.06338529288768768
2.0,131,4,deer,100.0,39.466255416463014,0.9816471440181239,0.04776151478290558
2.0,132,4,deer,100.0,39.97034159491629,0.9808016965411951,0.033465731889009476
2.0,133,4,deer,95.0,40.32814811586889,0.9839339278547315,0.052136197686195374
2.0,134,4,deer,100.0,35.8493288461632,0.9841782162824356,0.042043864727020264
2.0,135,4,deer,95.0,36.20794388487062,0.9716865476457989,0.04262002184987068
2.0,136,4,deer,100.0,39.92512370388283,0.9859486174762924,0.04936949536204338
2.0,137,4,deer,100.0,38.167007837251305,0.9804964617347417,0.056178174912929535
2.0,138,4,deer,90.0,39.671345603762134,0.9831423341475264,0.05333300679922104
2.0,139,4,deer,100.0,38.78770161832418,0.9785443962833132,0.05817491188645363
2.0,140,4,deer,100.0,40.266181044709235,0.9828794731677534,0.042027778923511505
2.0,141,4,deer,100.0,38.87570300735361,0.9768441902339408,0.05240572243928909
2.0,142,4,deer,95.0,40.67038178963577,0.9849393330225343,0.04797503352165222
2.0,143,4,deer,100.0,38.81327555395946,0.9815874515012853,0.055796779692173004
2.0,144,4,deer,100.0,37.75178938537679,0.9769530684240109,0.03163457661867142
2.0,145,4,deer,100.0,38.703057225834186,0.9835334533118251,0.03294846788048744
2.0,146,4,deer,100.0,39.06515280021031,0.983889101548484,0.05174833536148071
2.0,147,4,deer,100.0,37.12325287204251,0.9822093761396395,0.04338129982352257
2.0,148,4,deer,100.0,39.520175303619034,0.9853620095901134,0.045745037496089935
2.0,149,4,deer,95.0,40.02504875447313,0.9841862051505567,0.05157303065061569
2.0,150,5,dog,100.0,39.524745749320054,0.98131983725552,0.03952416032552719
2.0,151,5,dog,100.0,40.327268280272406,0.9765387294559215,0.018263742327690125
2.0,152,5,dog,100.0,38.11296967452077,0.9762587957528766,0.05917082354426384
2.0,153,5,dog,100.0,40.01765750126299,0.9848015026838994,0.05042058229446411
2.0,154,5,dog,100.0,38.347899502520434,0.980404031084818,0.06954352557659149
2.0,155,5,dog,100.0,38.61614993504739,0.9822463149274605,0.04091685637831688
2.0,156,5,dog,100.0,38.39693634272436,0.980538646835773,0.025656692683696747
2.0,157,5,dog,85.0,40.0384935672912,0.9830309178034615,0.03718879818916321
2.0,158,5,dog,100.0,39.199330773830255,0.9824263358503877,0.03584756329655647
2.0,159,5,dog,100.0,38.515460894298236,0.9766163469781537,0.040108028799295425
2.0,160,5,dog,100.0,38.811252023397344,0.9800778303380921,0.04613024741411209
2.0,161,5,dog,100.0,39.22821147022972,0.9820650661855542,0.02562662772834301
2.0,162,5,dog,100.0,40.43106458708767,0.9844704981636374,0.03900112956762314
2.0,163,5,dog,100.0,36.60869864964558,0.9786468862137226,0.044241420924663544
2.0,164,5,dog,100.0,38.19312957983388,0.9762416176408747,0.02988135814666748
2.0,165,5,dog,90.0,40.02250377310044,0.9867277473347325,0.02427266165614128
2.0,166,5,dog,100.0,39.03098814196849,0.9868571820438644,0.02467118576169014
2.0,167,5,dog,100.0,36.10383038690819,0.9639268071708252,0.048336464911699295
2.0,168,5,dog,100.0,39.42023563620417,0.9851371028261862,0.041285738348960876
2.0,169,5,dog,100.0,38.1858077312796,0.9800795900203699,0.04632480442523956
2.0,170,5,dog,100.0,37.30470056246623,0.9836996901070405,0.03832212835550308
2.0,171,5,dog,95.0,40.72266864604585,0.9861991430086127,0.019954856485128403
2.0,172,5,dog,100.0,39.728715692650965,0.9817290890950457,0.01631627231836319
2.0,173,5,dog,100.0,34.8609059044509,0.9758482730745316,0.06729060411453247
2.0,174,5,dog,95.0,35.900790128815125,0.9802348786452534,0.045486681163311005
2.0,175,5,dog,95.0,39.62934662383557,0.9841157742441929,0.03207855299115181
2.0,176,5,dog,100.0,41.650632620823124,0.9875964532282101,0.03532741591334343
2.0,177,5,dog,95.0,38.86021013930603,0.9831242603619508,0.04846024885773659
2.0,178,5,dog,95.0,39.99603560285941,0.9843509999754637,0.03379783779382706
2.0,179,5,dog,90.0,38.52575213475077,0.9837495201454064,0.036961812525987625
2.0,180,6,frog,100.0,37.13677489217459,0.9756290852888937,0.05397329851984978
2.0,181,6,frog,100.0,38.131764306400164,0.9805994720893706,0.04122349992394447
2.0,182,6,frog,100.0,40.60452162123751,0.9847695246647508,0.028951961547136307
2.0,183,6,frog,100.0,37.8389798915296,0.9729364853225517,0.05755946785211563
2.0,184,6,frog,95.0,36.81060558143913,0.962807779326682,0.05183393508195877
2.0,185,6,frog,100.0,39.50004878190788,0.9802089616140212,0.04560112580657005
2.0,186,6,frog,100.0,38.34402393701132,0.9724523555445835,0.037091560661792755
2.0,187,6,frog,100.0,39.033820400631456,0.9829932489926859,0.05823991075158119
2.0,188,6,frog,95.0,40.626072222701524,0.9818561548702275,0.05583906173706055
2.0,189,6,frog,100.0,37.20173475737187,0.9823147559616895,0.029057228937745094
2.0,190,6,frog,100.0,39.912354590529105,0.9699012460818585,0.028235824778676033
2.0,191,6,frog,100.0,39.68236022552179,0.9836097294080899,0.0378761887550354
2.0,192,6,frog,95.0,40.89315887532564,0.9809501132991197,0.03144942596554756
2.0,193,6,frog,100.0,39.056530462144764,0.9777786066795714,0.049803540110588074
2.0,194,6,frog,100.0,35.68735929952258,0.9697228930427991,0.06261901557445526
2.0,195,6,frog,100.0,36.02547223688478,0.9688073642531568,0.05441606417298317
2.0,196,6,frog,100.0,37.311358879086946,0.9634609862069535,0.03477860614657402
2.0,197,6,frog,100.0,39.48984829320437,0.9796673508276549,0.0351974293589592
2.0,198,6,frog,100.0,36.62739391708049,0.9729283585761849,0.06718021631240845
2.0,199,6,frog,90.0,38.97066824670186,0.9813603604936109,0.06096656247973442
2.0,200,6,frog,100.0,37.907581588638045,0.9809776429322415,0.0773596242070198
2.0,201,6,frog,95.0,39.067580139579505,0.9778831358005219,0.03461115062236786
2.0,202,6,frog,90.0,40.013403298636625,0.9829446315324272,0.033001095056533813
2.0,203,6,frog,100.0,37.567224937248454,0.9801513620892335,0.018892977386713028
2.0,204,6,frog,100.0,37.20662427674999,0.9742898160317311,0.06583048403263092
2.0,205,6,frog,100.0,40.20110997627718,0.9733548469114779,0.026714138686656952
2.0,206,6,frog,95.0,39.32519628591402,0.9821103981832241,0.03060651198029518
2.0,207,6,frog,100.0,40.501757359007854,0.983518311523696,0.05219515785574913
2.0,208,6,frog,95.0,37.446278924054816,0.9804824932810293,0.04070756211876869
2.0,209,6,frog,100.0,37.85839892301158,0.9713014656326625,0.04346738010644913
2.0,210,7,horse,100.0,39.48267769113392,0.985640898288652,0.02065218612551689
2.0,211,7,horse,100.0,37.62011271272835,0.97871952290278,0.04712854325771332
2.0,212,7,horse,100.0,37.17732782155543,0.9808377947665535,0.040210939943790436
2.0,213,7,horse,100.0,38.25892399512022,0.9770631836956273,0.04483717679977417
2.0,214,7,horse,95.0,37.667021039427645,0.9716287824064457,0.04352928325533867
2.0,215,7,horse,90.0,40.906273005454835,0.9784693793155154,0.019390249624848366
2.0,216,7,horse,100.0,37.0767794446249,0.9742268315435947,0.040785349905490875
2.0,217,7,horse,100.0,37.586792557622736,0.9764895283127455,0.04514102265238762
2.0,218,7,horse,100.0,39.78326515306991,0.9894474982562705,0.02414596453309059
2.0,219,7,horse,100.0,40.08922834400166,0.9890598798394398,0.03156306594610214
2.0,220,7,horse,100.0,37.95284951469857,0.9784255090335116,0.05241427943110466
2.0,221,7,horse,100.0,41.01887886711252,0.9867666890292345,0.015532092191278934
2.0,222,7,horse,100.0,37.470769036450136,0.9739649846048232,0.036537036299705505
2.0,223,7,horse,100.0,36.73910504945297,0.9729885535391848,0.032215505838394165
2.0,224,7,horse,100.0,38.90935378701237,0.9836767498454643,0.04571755975484848
2.0,225,7,horse,100.0,38.17311354917389,0.9826170230635439,0.03140902891755104
2.0,226,7,horse,95.0,38.20563539166719,0.9774020637586177,0.04198434203863144
2.0,227,7,horse,90.0,40.833113494570114,0.9821880985470437,0.013340771198272705
2.0,228,7,horse,100.0,38.35150785773563,0.9790302247652756,0.02434142865240574
2.0,229,7,horse,100.0,36.368459180669284,0.9772496771455015,0.05595261603593826
2.0,230,7,horse,95.0,39.50339809387486,0.9816640137544533,0.05426125228404999
2.0,231,7,horse,100.0,36.50417985363026,0.9806456630576225,0.03480684012174606
2.0,232,7,horse,100.0,38.399591419788166,0.9778937905601964,0.05706413835287094
2.0,233,7,horse,95.0,38.32881681031436,0.9846035545818127,0.04794587194919586
2.0,234,7,horse,100.0,39.692780132035594,0.9813423955608996,0.033144015818834305
2.0,235,7,horse,100.0,38.04253171036139,0.9802686112305304,0.04249357432126999
2.0,236,7,horse,95.0,37.57674957598053,0.9889555358992084,0.015231751836836338
2.0,237,7,horse,100.0,39.702888676396505,0.9853102786183991,0.04222014546394348
2.0,238,7,horse,100.0,37.21273827246256,0.9786324158895169,0.028486814349889755
2.0,239,7,horse,100.0,38.927899327014984,0.9823501245983368,0.04582653194665909
2.0,240,8,ship,95.0,38.84001257801147,0.9810491137023135,0.032192014157772064
2.0,241,8,ship,95.0,39.8973423082521,0.9843110799082976,0.04347017779946327
2.0,242,8,ship,100.0,36.77827688557534,0.9768321348220544,0.0386492945253849
2.0,243,8,ship,100.0,38.22443018836968,0.9817484329000975,0.02613527700304985
2.0,244,8,ship,100.0,39.96287109383344,0.9822374815122354,0.033996570855379105
2.0,245,8,ship,100.0,39.15529633435024,0.9837090626352653,0.034898556768894196
2.0,246,8,ship,85.0,40.17877984147863,0.9875545793782997,0.034251388162374496
2.0,247,8,ship,95.0,38.49127717862957,0.9857038089578339,0.03281059488654137
2.0,248,8,ship,95.0,40.02976933659039,0.9832943106927617,0.034301698207855225
2.0,249,8,ship,100.0,38.722034915235895,0.9876993512065338,0.049855150282382965
2.0,250,8,ship,100.0,39.144598331652574,0.9847045663592379,0.07429558038711548
2.0,251,8,ship,100.0,39.30985913229748,0.9822924059888644,0.029007254168391228
2.0,252,8,ship,100.0,36.809654165565235,0.975822178073407,0.025706127285957336
2.0,253,8,ship,95.0,38.13866534285574,0.9818041928364326,0.02673410251736641
2.0,254,8,ship,85.0,42.1042490665431,0.9894446474030459,0.029373683035373688
2.0,255,8,ship,95.0,39.95568928705226,0.9845079535069821,0.05392324924468994
2.0,256,8,ship,100.0,38.80514820436307,0.982568194307539,0.057393044233322144
2.0,257,8,ship,100.0,38.356781645174486,0.9796578466853579,0.0419292114675045
2.0,258,8,ship,100.0,40.0619173075206,0.9809639078365807,0.02761286497116089
2.0,259,8,ship,100.0,39.347507555729734,0.9843495636447454,0.02018030546605587
2.0,260,8,ship,90.0,37.98568289020115,0.9840161629967138,0.051134467124938965
2.0,261,8,ship,100.0,39.75706127833381,0.9836305174426462,0.0471174493432045
2.0,262,8,ship,100.0,39.61536057965025,0.985309813109258,0.020068541169166565
2.0,263,8,ship,95.0,38.14287197608658,0.9816828309709499,0.0577937476336956
2.0,264,8,ship,100.0,38.70229873422262,0.9826786898746226,0.048497237265110016
2.0,265,8,ship,95.0,39.245831577118835,0.9846479084614908,0.032150015234947205
2.0,266,8,ship,95.0,39.48313942864582,0.9860416263111743,0.07558999955654144
2.0,267,8,ship,100.0,39.86501575918206,0.9856784424578581,0.03452444076538086
2.0,268,8,ship,100.0,37.43388314560833,0.9800907924146425,0.03634641319513321
2.0,269,8,ship,95.0,39.03510715960026,0.9826960272616038,0.04155963286757469
2.0,270,9,truck,100.0,37.38742377702205,0.9785258501650206,0.0340338870882988
2.0,271,9,truck,100.0,37.657771962973435,0.9734681008704476,0.03552735224366188
2.0,272,9,truck,95.0,36.058988085231135,0.9672567719124042,0.031922049820423126
2.0,273,9,truck,100.0,37.90939322565304,0.9828223847377177,0.04289650544524193
2.0,274,9,truck,100.0,40.46352445606411,0.9854800778018338,0.025311877951025963
2.0,275,9,truck,100.0,35.902083337822575,0.970417714899441,0.04183356836438179
2.0,276,9,truck,100.0,37.74114984523722,0.9816195530409974,0.03843060880899429
2.0,277,9,truck,100.0,38.39145388543539,0.9768393274413637,0.04154687374830246
2.0,278,9,truck,100.0,39.14787209670711,0.9801448806332007,0.030530815944075584
2.0,279,9,truck,100.0,37.57256714708156,0.978074561998589,0.06265588104724884
2.0,280,9,truck,100.0,38.71643696559951,0.9818110349094352,0.029711656272411346
2.0,281,9,truck,95.0,35.74871267358673,0.9665330894772578,0.03679902106523514
2.0,282,9,truck,100.0,38.37868238977539,0.9799186926841235,0.0261234138160944
2.0,283,9,truck,100.0,38.43011150574487,0.9802296486495145,0.029309991747140884
2.0,284,9,truck,100.0,39.557167597203204,0.9801388798135169,0.03401258587837219
2.0,285,9,truck,100.0,40.87906969605377,0.9874845485645269,0.024171482771635056
2.0,286,9,truck,100.0,37.44370810963591,0.9807894547248853,0.03976236283779144
2.0,287,9,truck,100.0,36.69370550664191,0.9758506813461176,0.053112417459487915
2.0,288,9,truck,100.0,39.891348320390996,0.9852387003551116,0.04183594509959221
2.0,289,9,truck,95.0,38.258152902255645,0.9731009690909459,0.02723654918372631
2.0,290,9,truck,100.0,39.11585974768522,0.9841290800265933,0.026549767702817917
2.0,291,9,truck,100.0,39.525351917490504,0.9848469442536656,0.029952477663755417
2.0,292,9,truck,100.0,38.00499529970098,0.9794789719946536,0.03882113844156265
2.0,293,9,truck,100.0,37.54697693170671,0.9820803027550736,0.048435911536216736
2.0,294,9,truck,100.0,36.18422811002755,0.9775631687701054,0.0474064014852047
2.0,295,9,truck,95.0,36.55542427178016,0.9724867406976551,0.03708522021770477
2.0,296,9,truck,100.0,38.44309674683559,0.9828920054925315,0.023816416040062904
2.0,297,9,truck,80.0,41.42687457530344,0.9867941029712322,0.027791161090135574
2.0,298,9,truck,100.0,35.9364540326669,0.9725346977521765,0.03589038550853729
2.0,299,9,truck,100.0,37.426705970255604,0.9724668789838807,0.032448910176754
5.0,0,0,airplane,100.0,27.235576005413336,0.9417449239694683,0.28470107913017273
5.0,1,0,airplane,100.0,29.255188430946916,0.9559644448301355,0.22931885719299316
5.0,2,0,airplane,95.0,28.20437846569483,0.9597860269292907,0.17547547817230225
5.0,3,0,airplane,100.0,27.750449865603084,0.9484011890759806,0.268041729927063
5.0,4,0,airplane,100.0,25.973600010101535,0.9227062556162559,0.18644142150878906
5.0,5,0,airplane,100.0,29.03523034008711,0.9536196623891744,0.23334874212741852
5.0,6,0,airplane,100.0,28.933943595602635,0.9429443353385664,0.2767632007598877
5.0,7,0,airplane,100.0,27.058970012970896,0.9385458913831514,0.3247545063495636
5.0,8,0,airplane,100.0,29.415296583564018,0.9642687121714814,0.20021983981132507
5.0,9,0,airplane,100.0,25.19665863517522,0.9469494669659424,0.23817011713981628
5.0,10,0,airplane,100.0,29.285637713986368,0.9584402806224784,0.23765374720096588
5.0,11,0,airplane,100.0,29.21958933240253,0.9498622966212834,0.2654300928115845
5.0,12,0,airplane,95.0,27.88902644352843,0.9475564622498623,0.12034415453672409
5.0,13,0,airplane,95.0,29.57140703307489,0.9544074038551299,0.26839974522590637
5.0,14,0,airplane,100.0,29.179319351445493,0.9543350346874782,0.20429491996765137
5.0,15,0,airplane,100.0,28.50585573630714,0.9590899738773376,0.21905910968780518
5.0,16,0,airplane,95.0,28.292579776589907,0.9524806761080656,0.1682562232017517
5.0,17,0,airplane,100.0,27.887409780127083,0.9520059414472275,0.205173522233963
5.0,18,0,airplane,100.0,28.41921951080984,0.936930543806214,0.14857643842697144
5.0,19,0,airplane,95.0,27.787365254940156,0.9505804095589091,0.18421784043312073
5.0,20,0,airplane,100.0,28.92388168481346,0.9532698266225182,0.1601046472787857
5.0,21,0,airplane,100.0,25.770766120924176,0.9271322349166828,0.3027445673942566
5.0,22,0,airplane,100.0,28.149142240460456,0.940525770112255,0.2357935905456543
5.0,23,0,airplane,95.0,28.427638528739756,0.9390799054263544,0.2522808909416199
5.0,24,0,airplane,95.0,28.62505116261776,0.9527727231101717,0.17836573719978333
5.0,25,0,airplane,100.0,31.208832822119067,0.9581943191751913,0.32059115171432495
5.0,26,0,airplane,100.0,27.536183048273386,0.9493262174645033,0.2855890393257141
5.0,27,0,airplane,100.0,30.528743063874057,0.9493288692011695,0.1976408064365387
5.0,28,0,airplane,100.0,30.637276179493025,0.9419106188538126,0.21299529075622559
5.0,29,0,airplane,100.0,27.265228045511577,0.9422321087368805,0.3454073667526245
5.0,30,1,automobile,100.0,27.36209637551408,0.9451873913982777,0.11964885890483856
5.0,31,1,automobile,100.0,27.853849504422893,0.9382051734723308,0.3733031451702118
5.0,32,1,automobile,100.0,28.612370793988795,0.9458479608021433,0.25360915064811707
5.0,33,1,automobile,100.0,29.98984637393687,0.9492532304450148,0.2879464030265808
5.0,34,1,automobile,90.0,29.00757313508823,0.9309665496627123,0.1259188950061798
5.0,35,1,automobile,100.0,28.751443562991078,0.94467704839712,0.17243576049804688
5.0,36,1,automobile,100.0,29.098863969255913,0.9495040938832386,0.2289476841688156
5.0,37,1,automobile,100.0,27.921792829707528,0.9385383814943292,0.23356330394744873
5.0,38,1,automobile,100.0,27.692864647099423,0.938061647914613,0.2140175998210907
5.0,39,1,automobile,100.0,28.013342303560236,0.9381733194651211,0.2970653474330902
5.0,40,1,automobile,100.0,28.015487047925394,0.9428439963003984,0.19738233089447021
5.0,41,1,automobile,100.0,26.688657754783897,0.9158365289708271,0.37011420726776123
5.0,42,1,automobile,100.0,29.655457164046965,0.9635852353087401,0.14014917612075806
5.0,43,1,automobile,100.0,28.199216127896367,0.9522752315674277,0.21536442637443542
5.0,44,1,automobile,100.0,29.567208986899306,0.9573025984657503,0.28195515275001526
5.0,45,1,automobile,100.0,32.80107309588868,0.9544148626567835,0.20785211026668549
5.0,46,1,automobile,100.0,27.93012043249497,0.9266345778445536,0.19438117742538452
5.0,47,1,automobile,100.0,30.84144312659845,0.9567343111911257,0.16800284385681152
5.0,48,1,automobile,100.0,27.777207249760373,0.9487794020630896,0.1506085842847824
5.0,49,1,automobile,100.0,27.112775466889445,0.936813513917128,0.2889258861541748
5.0,50,1,automobile,95.0,28.60563369878546,0.948536262064913,0.2112935185432434
5.0,51,1,automobile,100.0,27.995940309653065,0.9331433213694506,0.2611404061317444
5.0,52,1,automobile,95.0,29.93723511959356,0.9209937237525446,0.10028389096260071
5.0,53,1,automobile,100.0,30.232980189007414,0.9497320095472457,0.12216286361217499
5.0,54,1,automobile,100.0,29.341774257676963,0.9403271905217453,0.21162709593772888
5.0,55,1,automobile,100.0,28.40565544975948,0.9455775874237607,0.18722140789031982
5.0,56,1,automobile,100.0,28.544618927752087,0.950967483432255,0.18441718816757202
5.0,57,1,automobile,100.0,27.2910063322802,0.943824138075863,0.28442564606666565
5.0,58,1,automobile,100.0,27.996358470366705,0.9416749136378334,0.26465994119644165
5.0,59,1,automobile,100.0,28.34484936928597,0.9492650563976048,0.15182486176490784
5.0,60,2,bird,100.0,29.017015756422676,0.9402600113393463,0.2157244086265564
5.0,61,2,bird,100.0,28.086951339094878,0.9590049969830415,0.1472243219614029
5.0,62,2,bird,95.0,29.357930073196975,0.9378263284330212,0.25867748260498047
5.0,63,2,bird,90.0,26.581424278354646,0.9380590801440283,0.18703827261924744
5.0,64,2,bird,100.0,29.179723251486926,0.9496586422864431,0.36074674129486084
5.0,65,2,bird,95.0,29.103950365140868,0.9532149775458946,0.21869690716266632
5.0,66,2,bird,100.0,28.46693494639417,0.9524779143567548,0.2605854272842407
5.0,67,2,bird,100.0,29.032963649840138,0.9452308399219387,0.20513296127319336
5.0,68,2,bird,100.0,28.83324210113021,0.9545880456028889,0.21267461776733398
5.0,69,2,bird,100.0,31.237528010332653,0.9298862573311125,0.14073298871517181
5.0,70,2,bird,100.0,27.450462785172643,0.9358881671450178,0.22958245873451233
5.0,71,2,bird,100.0,29.246616602608082,0.9509384571951447,0.19495293498039246
5.0,72,2,bird,100.0,28.15465194238243,0.9532347512455073,0.28850895166397095
5.0,73,2,bird,100.0,27.727096509382125,0.946456977768468,0.25664210319519043
5.0,74,2,bird,100.0,28.476957093442792,0.9561944795792189,0.11348940432071686
5.0,75,2,bird,100.0,29.719659629580736,0.9570522727066404,0.09817354381084442
5.0,76,2,bird,100.0,26.714494018940766,0.9460712076921144,0.2819049060344696
5.0,77,2,bird,100.0,29.772149427825312,0.9520945668962838,0.2433658242225647
5.0,78,2,bird,100.0,27.976694053389394,0.9348666608973447,0.23040764033794403
5.0,79,2,bird,100.0,29.15915168012883,0.9578168023252976,0.2590749263763428
5.0,80,2,bird,100.0,28.81654153691755,0.9502647662312281,0.25021296739578247
5.0,81,2,bird,100.0,27.27848844615472,0.928333594973802,0.244245246052742
5.0,82,2,bird,100.0,27.71851231787293,0.9437643866700377,0.20934796333312988
5.0,83,2,bird,95.0,29.983373635161964,0.953406384145195,0.13666093349456787
5.0,84,2,bird,95.0,27.816376270039637,0.9492916119424528,0.2983831465244293
5.0,85,2,bird,95.0,28.39884486224108,0.953986430942329,0.2590550184249878
5.0,86,2,bird,100.0,30.180333418664848,0.956051146272466,0.2725379765033722
5.0,87,2,bird,100.0,29.90989718820561,0.9574446869030274,0.17284396290779114
5.0,88,2,bird,100.0,29.787657938703475,0.949955057884334,0.2800191640853882
5.0,89,2,bird,100.0,28.695785942940596,0.9354483512166271,0.2505486011505127
5.0,90,3,cat,100.0,27.711355495659515,0.931129271189405,0.28925472497940063
5.0,91,3,cat,100.0,30.098483260875298,0.9573047660568482,0.23000501096248627
5.0,92,3,cat,100.0,29.7831783382567,0.9620958497176496,0.1817983090877533
5.0,93,3,cat,100.0,30.084039161405812,0.955666665327235,0.18066620826721191
5.0,94,3,cat,100.0,29.269082802984308,0.9519925907067113,0.2065991759300232
5.0,95,3,cat,100.0,30.997408383984006,0.9517171034023488,0.1836005449295044
5.0,96,3,cat,100.0,30.39187839191548,0.950640873358517,0.16015267372131348
5.0,97,3,cat,100.0,30.628805621421385,0.9603529959839433,0.16192291676998138
5.0,98,3,cat,100.0,28.249313911343425,0.9578114519614757,0.13579344749450684
5.0,99,3,cat,100.0,28.032433188369417,0.9539953119363479,0.17397043108940125
5.0,100,3,cat,100.0,28.48744815970732,0.946779928244077,0.10933397710323334
5.0,101,3,cat,100.0,28.328669110804448,0.9544996039226231,0.1812770515680313
5.0,102,3,cat,100.0,29.699292178353748,0.9522669198042446,0.34122759103775024
5.0,103,3,cat,100.0,34.08419968333092,0.9573614650402158,0.11454880982637405
5.0,104,3,cat,100.0,29.878658932335696,0.9593758686742464,0.22783945500850677
5.0,105,3,cat,100.0,27.106922102826868,0.9297236636938684,0.24402739107608795
5.0,106,3,cat,100.0,28.51929861326978,0.9298477196737766,0.25728946924209595
5.0,107,3,cat,100.0,27.95076764551538,0.9447010391198923,0.3329174220561981
5.0,108,3,cat,100.0,30.654981242594992,0.952722306641336,0.3458978235721588
5.0,109,3,cat,100.0,26.092695818456065,0.9535235349523424,0.15925966203212738
5.0,110,3,cat,100.0,30.98328989641299,0.9577515431466326,0.1564721316099167
5.0,111,3,cat,100.0,31.730356506854953,0.9403542952321965,0.15626542270183563
5.0,112,3,cat,100.0,26.634691187591827,0.9488664373557006,0.13079309463500977
5.0,113,3,cat,100.0,29.129206878997586,0.947792640368773,0.22910341620445251
5.0,114,3,cat,100.0,26.856438952042176,0.94028347400022,0.3266543745994568
5.0,115,3,cat,100.0,30.502057012328944,0.9609185766058101,0.10348698496818542
5.0,116,3,cat,100.0,28.074970020327775,0.9222674035792072,0.24427136778831482
5.0,117,3,cat,100.0,31.846305055888568,0.956777319212094,0.09450825303792953
5.0,118,3,cat,100.0,32.076329745542004,0.9490914041576352,0.154667928814888
5.0,119,3,cat,100.0,28.97219958485236,0.9510473549101666,0.2867429852485657
5.0,120,4,deer,95.0,28.839450967737843,0.9589373673045866,0.13583803176879883
5.0,121,4,deer,100.0,29.394975697178705,0.9553992228039062,0.21096616983413696
5.0,122,4,deer,100.0,28.48106159982004,0.9450889643528956,0.21549475193023682
5.0,123,4,deer,100.0,29.19656516733703,0.9433842670098227,0.3164626955986023
5.0,124,4,deer,100.0,28.13190776067607,0.9456190406455125,0.24483463168144226
5.0,125,4,deer,100.0,29.040948057461108,0.946392662335397,0.2949812412261963
5.0,126,4,deer,100.0,28.460058510837783,0.9526664594289267,0.24172043800354004
5.0,127,4,deer,100.0,28.94242787307953,0.9454609197376439,0.3131009638309479
5.0,128,4,deer,100.0,27.018655973724943,0.9344456446267816,0.32043129205703735
5.0,129,4,deer,100.0,28.86361154491912,0.9523710297957794,0.25307947397232056
5.0,130,4,deer,100.0,27.29621284680905,0.9413064762135189,0.29553067684173584
5.0,131,4,deer,100.0,29.993100498437876,0.9552008193698763,0.1907326728105545
5.0,132,4,deer,100.0,31.22936719969312,0.9438231369860274,0.15683569014072418
5.0,133,4,deer,100.0,30.373858261129545,0.9607103770949874,0.2939645051956177
5.0,134,4,deer,95.0,27.328531415097792,0.9345135640465032,0.2600939869880676
5.0,135,4,deer,100.0,26.250755877691763,0.9417996790041162,0.1815584897994995
5.0,136,4,deer,100.0,30.256225960557437,0.9606555938646272,0.3100193738937378
5.0,137,4,deer,100.0,27.79090763278676,0.9477502579614229,0.2668934464454651
5.0,138,4,deer,100.0,29.579831841655164,0.9595052513818715,0.2533019781112671
5.0,139,4,deer,100.0,29.519447420521622,0.9503462243024474,0.21728679537773132
5.0,140,4,deer,100.0,30.274267087703386,0.9554502900324354,0.19368097186088562
5.0,141,4,deer,100.0,28.915292921925193,0.9373093821069425,0.284538209438324
5.0,142,4,deer,90.0,30.84007239192919,0.954686772983861,0.23950891196727753
5.0,143,4,deer,95.0,28.70637692702521,0.9392357415355895,0.428083598613739
5.0,144,4,deer,100.0,26.41713932546653,0.9463873281137025,0.1694851964712143
5.0,145,4,deer,100.0,29.32166872022198,0.9647242323176553,0.1556718349456787
5.0,146,4,deer,100.0,28.454370455031118,0.9379332408847926,0.3821195960044861
5.0,147,4,deer,100.0,26.797020477798476,0.9416815614222847,0.2693721055984497
5.0,148,4,deer,100.0,28.43151345240978,0.9446139523964802,0.34990161657333374
5.0,149,4,deer,100.0,28.824226172412565,0.951064024996823,0.3097430169582367
5.0,150,5,dog,100.0,30.144525186420154,0.9515039695552847,0.14528906345367432
5.0,151,5,dog,100.0,34.32686971773184,0.9535009035515576,0.08472258597612381
5.0,152,5,dog,100.0,27.62406115106083,0.9399751557901066,0.2871363162994385
5.0,153,5,dog,100.0,28.489861433654365,0.9529428014673677,0.21397489309310913
5.0,154,5,dog,100.0,28.691140602832014,0.9314798514661438,0.356254518032074
5.0,155,5,dog,100.0,29.689501878309205,0.9566349781329168,0.21524743735790253
5.0,156,5,dog,95.0,28.959164235290707,0.950666465666132,0.15437418222427368
5.0,157,5,dog,100.0,31.013558790171135,0.948620439647723,0.2535477876663208
5.0,158,5,dog,95.0,28.886443814707256,0.9498196196638796,0.23187464475631714
5.0,159,5,dog,100.0,27.278545723386966,0.9445281099059097,0.17206473648548126
5.0,160,5,dog,95.0,29.258498978520056,0.9476756805652707,0.28627005219459534
5.0,161,5,dog,100.0,32.196248436106096,0.9447088392661186,0.17718303203582764
5.0,162,5,dog,100.0,29.543963707314752,0.9596734138197048,0.09631599485874176
5.0,163,5,dog,100.0,26.67229095046617,0.9482061324797773,0.19663526117801666
5.0,164,5,dog,100.0,26.533306897927282,0.9316589876209411,0.22717638313770294
5.0,165,5,dog,100.0,28.39352065242869,0.9656328353532113,0.16256818175315857
5.0,166,5,dog,100.0,26.33259975546915,0.9351024642115976,0.29341602325439453
5.0,167,5,dog,95.0,27.594154839267155,0.9280499333325745,0.17807650566101074
5.0,168,5,dog,100.0,30.494772444458334,0.9549255423413613,0.27899861335754395
5.0,169,5,dog,100.0,28.009638465082837,0.944235279193984,0.28307005763053894
5.0,170,5,dog,100.0,27.271303985363478,0.9416974854889505,0.2251516431570053
5.0,171,5,dog,100.0,29.004662251789203,0.9538997601084439,0.2156219631433487
5.0,172,5,dog,100.0,32.676728308384895,0.943935565324979,0.12656642496585846
5.0,173,5,dog,100.0,24.635620474283684,0.9458530491538872,0.21704497933387756
5.0,174,5,dog,100.0,26.326653791626352,0.9353268457976149,0.290659099817276
5.0,175,5,dog,100.0,29.5351438424169,0.9492712661637822,0.19892984628677368
5.0,176,5,dog,100.0,33.13323078973446,0.9534762220238954,0.18444478511810303
5.0,177,5,dog,100.0,27.149785164825424,0.952438093643614,0.25693148374557495
5.0,178,5,dog,100.0,29.28601087489021,0.9590003354133586,0.1974988728761673
5.0,179,5,dog,100.0,28.684204115203826,0.9540265929980825,0.26626497507095337
5.0,180,6,frog,100.0,27.73192143111803,0.9382604831061516,0.27263566851615906
5.0,181,6,frog,100.0,29.138491341670587,0.9524381278332298,0.2000250667333603
5.0,182,6,frog,100.0,29.889520868923448,0.956823858195004,0.1788225620985031
5.0,183,6,frog,100.0,27.719090887437062,0.9460843568310149,0.15568937361240387
5.0,184,6,frog,95.0,27.483753823245372,0.9258806847064559,0.2819195091724396
5.0,185,6,frog,100.0,29.429498586514814,0.9526878096872747,0.23801890015602112
5.0,186,6,frog,100.0,29.751831424543713,0.9457934843626722,0.18572115898132324
5.0,187,6,frog,100.0,29.16381917059126,0.95184742119308,0.3188871741294861
5.0,188,6,frog,100.0,30.52418254066231,0.9508178048004557,0.3303444981575012
5.0,189,6,frog,100.0,27.079558567137617,0.9444728290552097,0.16416428983211517
5.0,190,6,frog,100.0,31.087756798168364,0.937412824191485,0.14361649751663208
5.0,191,6,frog,100.0,30.08167434090407,0.949049479575613,0.33570483326911926
5.0,192,6,frog,100.0,29.872970279519663,0.9519106381538546,0.12258940935134888
5.0,193,6,frog,100.0,28.459704938902973,0.9494595651336679,0.21396303176879883
5.0,194,6,frog,100.0,27.252889956926648,0.9374948592880058,0.19843220710754395
5.0,195,6,frog,100.0,27.17218213044373,0.9352051827935054,0.25811541080474854
5.0,196,6,frog,95.0,30.951175100125987,0.9345813667886568,0.15297195315361023
5.0,197,6,frog,100.0,30.457099194302394,0.9520023006775258,0.1705760806798935
5.0,198,6,frog,100.0,27.10811277116644,0.9261158045526031,0.280184805393219
5.0,199,6,frog,95.0,28.913511932741862,0.9419318519564809,0.3475258946418762
5.0,200,6,frog,100.0,26.841712563019826,0.934861145737974,0.39247798919677734
5.0,201,6,frog,100.0,29.188522940899126,0.9514581119784548,0.1350564956665039
5.0,202,6,frog,100.0,30.497553326315344,0.9563433096651056,0.2064422369003296
5.0,203,6,frog,100.0,28.865954678798992,0.9578389711317588,0.11301619559526443
5.0,204,6,frog,100.0,27.344258771131486,0.9367442972546565,0.24021458625793457
5.0,205,6,frog,100.0,29.968926719760155,0.9296208823879212,0.17754609882831573
5.0,206,6,frog,100.0,28.94777225716236,0.9558768947022599,0.1400139033794403
5.0,207,6,frog,100.0,29.833587136617453,0.9576052064711685,0.27540719509124756
5.0,208,6,frog,100.0,28.55472176642521,0.9441258455275361,0.2971591353416443
5.0,209,6,frog,100.0,29.332935031264185,0.9454313845883889,0.16464732587337494
5.0,210,7,horse,95.0,28.9356419746314,0.960961885694049,0.1365388035774231
5.0,211,7,horse,100.0,26.303336911544328,0.9498961813492341,0.19917723536491394
5.0,212,7,horse,100.0,27.629491059892942,0.9518861456674368,0.24604013562202454
5.0,213,7,horse,100.0,28.060889878653548,0.9505769285154391,0.18825262784957886
5.0,214,7,horse,95.0,32.57546061306202,0.9596162275742941,0.10394111275672913
5.0,215,7,horse,95.0,30.753398296162068,0.9497686695728156,0.12688590586185455
5.0,216,7,horse,100.0,27.13616746980464,0.9345753912627899,0.32224583625793457
5.0,217,7,horse,100.0,27.897345291516107,0.9298322217318122,0.2687825858592987
5.0,218,7,horse,100.0,27.897390466628792,0.9570989837445903,0.29981690645217896
5.0,219,7,horse,95.0,28.688688020978006,0.9593877110515642,0.19744330644607544
5.0,220,7,horse,100.0,28.06273069903339,0.9398783458936714,0.2653142213821411
5.0,221,7,horse,95.0,30.652750203268454,0.955827340143431,0.0925011932849884
5.0,222,7,horse,95.0,27.253421252627703,0.9511736958372863,0.15814417600631714
5.0,223,7,horse,100.0,25.80594129904049,0.9352133156372974,0.24705906212329865
5.0,224,7,horse,100.0,28.945515844946136,0.945766820283806,0.34790897369384766
5.0,225,7,horse,100.0,28.336274807430414,0.9503748320930181,0.19582384824752808
5.0,226,7,horse,95.0,29.418320674865402,0.9418018544725649,0.2509523332118988
5.0,227,7,horse,95.0,30.98277983321553,0.9624121745594385,0.09167808294296265
5.0,228,7,horse,100.0,28.624707474885987,0.9469163897862521,0.1932094693183899
5.0,229,7,horse,95.0,28.437388247193375,0.9380714949191477,0.3144279420375824
5.0,230,7,horse,100.0,28.61599470658891,0.9554535309141942,0.22880882024765015
5.0,231,7,horse,100.0,26.842299957070317,0.9377536817432764,0.2535630166530609
5.0,232,7,horse,100.0,29.224993866814252,0.9376845271840262,0.2861952781677246
5.0,233,7,horse,100.0,26.649324135139953,0.9485677595568761,0.33111608028411865
5.0,234,7,horse,95.0,29.705125667050403,0.9559826227570815,0.16091282665729523
5.0,235,7,horse,100.0,28.49743732499539,0.9419227805137043,0.3038269877433777
5.0,236,7,horse,100.0,28.239343205397063,0.9649046973855432,0.17150527238845825
5.0,237,7,horse,100.0,28.352489361385903,0.9596319491223717,0.2663472592830658
5.0,238,7,horse,100.0,28.125902355537672,0.9428416100484766,0.2056908905506134
5.0,239,7,horse,100.0,28.744070533246685,0.9466566640317632,0.3266201317310333
5.0,240,8,ship,90.0,28.771784651359923,0.9486240981073292,0.19306476414203644
5.0,241,8,ship,100.0,29.333492241319973,0.9609044052893706,0.19034282863140106
5.0,242,8,ship,100.0,27.08207916814681,0.9392203352452428,0.23675537109375
5.0,243,8,ship,100.0,29.591598596349733,0.9476035070529866,0.21351659297943115
5.0,244,8,ship,100.0,28.669397298976715,0.9444361245372043,0.3518182039260864
5.0,245,8,ship,100.0,29.515643410213993,0.9521115611794783,0.11916427314281464
5.0,246,8,ship,95.0,31.079789390899503,0.9658604964410665,0.18554838001728058
5.0,247,8,ship,100.0,29.29066950554789,0.9494870542392982,0.21890854835510254
5.0,248,8,ship,95.0,31.522586024238933,0.9686478186314776,0.07672560214996338
5.0,249,8,ship,100.0,25.757795869399672,0.9440470859793332,0.27763253450393677
5.0,250,8,ship,100.0,28.9454063864069,0.9502885730404272,0.34105008840560913
5.0,251,8,ship,95.0,29.779114653993467,0.9570009654258032,0.15596547722816467
5.0,252,8,ship,100.0,27.120770535827873,0.9418151311294886,0.09902677685022354
5.0,253,8,ship,100.0,28.114004821503368,0.9534797421414488,0.18429234623908997
5.0,254,8,ship,100.0,30.28382193615208,0.9570379873631424,0.28949278593063354
5.0,255,8,ship,100.0,29.360645216747333,0.9523546497632479,0.3118528127670288
5.0,256,8,ship,95.0,28.97565742946355,0.9432011494924427,0.3328701853752136
5.0,257,8,ship,100.0,28.983490268667058,0.9398389102883525,0.2235218584537506
5.0,258,8,ship,100.0,30.90406046586046,0.9469266240639547,0.11786366999149323
5.0,259,8,ship,95.0,30.82062506795928,0.9496472542639799,0.2550118565559387
5.0,260,8,ship,100.0,29.00491352909142,0.9481182290223216,0.2580401599407196
5.0,261,8,ship,100.0,28.58575138248075,0.9401237712205042,0.24949970841407776
5.0,262,8,ship,100.0,28.985214142060343,0.9649381550755957,0.09846020489931107
5.0,263,8,ship,95.0,29.183086078566348,0.9550294002118842,0.24305883049964905
5.0,264,8,ship,100.0,28.19899303724317,0.9503228455662976,0.3118458092212677
5.0,265,8,ship,100.0,28.761733732014598,0.9592829622569871,0.20184668898582458
5.0,266,8,ship,100.0,27.29276246727514,0.9591634543935569,0.24875441193580627
5.0,267,8,ship,100.0,27.378000433659846,0.9600383833128124,0.15743494033813477
5.0,268,8,ship,95.0,28.468691470985856,0.932652149617537,0.2636165916919708
5.0,269,8,ship,100.0,27.51332757786921,0.946053138627526,0.30834856629371643
5.0,270,9,truck,100.0,28.487119829620813,0.9435251174407573,0.29018813371658325
5.0,271,9,truck,100.0,29.030306652578307,0.9308546801082723,0.24485725164413452
5.0,272,9,truck,100.0,27.734745973797015,0.923477784112312,0.26719948649406433
5.0,273,9,truck,95.0,28.766335359610427,0.9353766554775681,0.2851436734199524
5.0,274,9,truck,95.0,31.237545489529662,0.9593492351781737,0.24627140164375305
5.0,275,9,truck,95.0,26.189196640355217,0.9239331911730716,0.3382704257965088
5.0,276,9,truck,100.0,27.94073605304535,0.9460640454248845,0.2972943186759949
5.0,277,9,truck,100.0,28.42976168409196,0.9431177838700049,0.19916099309921265
5.0,278,9,truck,100.0,29.781991482066054,0.9522567142966866,0.202866792678833
5.0,279,9,truck,100.0,27.992237902102758,0.9343555832451041,0.31622880697250366
5.0,280,9,truck,100.0,29.29501333423048,0.9424767198407878,0.23947608470916748
5.0,281,9,truck,95.0,27.562948179370963,0.917120255441071,0.23424050211906433
5.0,282,9,truck,100.0,29.729479273774633,0.9369817418642619,0.2937576174736023
5.0,283,9,truck,100.0,28.316035282753795,0.9492249239097137,0.1334027200937271
5.0,284,9,truck,95.0,31.128294427332523,0.9473383326298808,0.20661388337612152
5.0,285,9,truck,100.0,32.15143567980504,0.9549976880202548,0.2012803852558136
5.0,286,9,truck,100.0,27.105708393509733,0.9408687587765657,0.25537949800491333
5.0,287,9,truck,100.0,28.7133613541603,0.9422101263395085,0.245505228638649
5.0,288,9,truck,100.0,30.141742735867346,0.9523363311624417,0.3111984133720398
5.0,289,9,truck,90.0,29.679712934664224,0.9416345641376775,0.19111308455467224
5.0,290,9,truck,100.0,29.783113889600838,0.9440140463477737,0.28934481739997864
5.0,291,9,truck,100.0,29.151267778441596,0.9598910885398575,0.14909234642982483
5.0,292,9,truck,100.0,29.286419673003042,0.938599267267899,0.2570496201515198
5.0,293,9,truck,100.0,29.31912391622769,0.9454530151211831,0.3204130530357361
5.0,294,9,truck,95.0,28.266433773922838,0.9486374073374337,0.2268635630607605
5.0,295,9,truck,100.0,29.02458151313848,0.9366154743281214,0.21193718910217285
5.0,296,9,truck,100.0,27.632303967264626,0.9600868484628412,0.14886802434921265
5.0,297,9,truck,100.0,32.22792121743027,0.9657052498335327,0.09024299681186676
5.0,298,9,truck,100.0,28.105753099521294,0.9376536168420677,0.21257981657981873
5.0,299,9,truck,100.0,28.063233347210847,0.939915152532851,0.17022797465324402
